id,name,surname,age,date_of_birth,gender,language,ID_number
1,zoe,Shone,2,9/14/2021,Female,english,2109144535532
2,mbali,Caseri,3,5/22/2020,Female,english,2109144535533
3,kim,Dellenbroker,4,12/5/2019,Female,english,2109144535534
4,oreo,Ronaghan,5,3/11/2018,male,afrikaans,2109144535535
5,pookie,Barabich,6,3/12/2018,male,afrikaans,2109144535536
6,rose,MacNalley,2,10/8/2021,male,zulu,2109144535537
7,palesa,Standeven,3,4/15/2020,female,zulu,2109144535538
8,onako,Franseco,3,11/3/2020,female,zulu,2109144535539
9,naledi,Coste,2,1/19/2022,male,zulu,2109144535540
10,kimm,Stutt,3,4/15/2020,male,english,2109144535541
11,grache,Summerbell,5,8/2/2018,male,english,2109144535542
12,danica,Denman,5,11/26/2018,female,english,2109144535543
13,danica,Jones,6,2/14/2017,female,afrikaans,2109144535544
14,anele,Shimman,6,9/9/2017,female,zulu,2109144535545
15,talyr,Dmtrovic,6,9/10/2017,man,afrikaans,2109144535546
